ITEM_KEY,CURRENT_ITEM_NAME,CURRENT_ITEM_CATEGORY,UNITS,PURCHASES,CUSTOMERS,UNITS_PER_PURCHASE,PROMO_UNITS,PROMO_UNIT_SHARE_PCT,PRICE_ROW_COVERAGE_PCT
7aef490acb1ca55f113afe02977b9e8f,"Tony’s Chocolonely Dark Milk Brownie Chocolate, 180 g",Chocolate,47136,29712,1985,1.59,2990,6.34,100.00
e9c4aa9e65917445495602a4adc16675,"Funny-Frisch Kettle Chips Sweet Chilli & Red Pepper, 120 g",Crisp & Snacks,41442,31994,1997,1.30,3827,9.23,100.00
2f605027e796b8c1d897c6100903c6d7,"Fuego salsa dip, mild, 200 ml","Cheese Crackers, Breadsticks & Dipping",8268,7081,1592,1.17,221,2.67,100.00
7581487f9a0d33775d570f020b0e4141,"Yogurette Strawberry Yogurt Chocolate, 100 g",Chocolate,2817,2048,620,1.38,240,8.52,100.00
0e706671fbc1c66c6276653846b1c1ac,"Ferrero Kinder Country Chocolate Bar, (9x23,5 g), 211,5 g",Chocolate,2343,2092,743,1.12,21,0.90,100.00
0057c74ea984d23e711ccc0c0d224e5a,"Doritos Cheese Nachos, 110 g",Crisp & Snacks,2136,1971,689,1.08,26,1.22,100.00
a5e0be3a6e03f5ca59260103e58835d2,"Lay's Salt & Vinegar Crisps, 150 g",Crisp & Snacks,2014,1944,779,1.04,75,3.72,100.00
971c3d87aff5615604a3d1ef052d8cd9,"Chio Dip Hot Cheese, 200 ml","Cheese Crackers, Breadsticks & Dipping",1942,1854,802,1.05,129,6.64,100.00
d3dffe73c943311024ef5b4b71e3f598,"Lay's Crips herb butter flavour, 150 g",Crisp & Snacks,1811,1741,736,1.04,40,2.21,100.00
514473c47399dfac41b754ddf7fd5d94,"Funny-Frisch Lentil Crisps Paprika Style, 90 g",Crisp & Snacks,1708,1632,642,1.05,33,1.93,100.00
edb0f4aa63864fc9a85372d15cb65440,Ja! Cookies American Style Chocolate Chip 225 g,Cookies,1680,1365,474,1.23,43,2.56,100.00
13fe423f6a47156a00beee842eafc061,"Lorenz Naturals Rosemary Crisps, 95 g",Crisp & Snacks,1676,1622,644,1.03,0,0.00,100.00
e98605036c98cd2c57d3eaf01e1c49ad,"Ritter Sport Chocolate Wafer, 100 g",Chocolate,1675,923,362,1.81,124,7.40,100.00
9b6c1ac419e38739c6276dcdb788bdcf,"Funny-Frisch Kettle Chips Salt & Vinegar, 120 g",Crisp & Snacks,1669,1608,614,1.04,17,1.02,100.00
0aec6d843c7bd4fd176e7f6376dfb0c8,"Funny-Frisch Riffels Natural, 150 g",Crisp & Snacks,1608,1499,620,1.07,89,5.53,100.00
7576ff6ee76ca4dfc28bf4fbaaf08465,"Ferrero Kinder Riegel Chocolate Bar, (10x21 g), 210 g",Chocolate,1474,1402,586,1.05,24,1.63,100.00
92d78ca20860dd50a1748fe2b0c8dc78,"Storck Mini Dickmann’s Chocolate Trio, (24 units), 200 g",Other Confectionary,1415,910,338,1.55,77,5.44,100.00
5d3969ae02b82a2e1f84457d03fedcab,"Ferrero Kinder Riegel Chocolate Bar, (18x21 g), 378 g",Chocolate,1406,937,302,1.50,121,8.61,100.00
64f36aa14d1921b5f20921a6fb8b8bc0,"Chio Tortillas Original Salted, 110 g",Crisp & Snacks,1401,1365,599,1.03,60,4.28,100.00
782c2fdec7b604daefea9bf7b783a7bb,Crunchips Western Style Potato Chips 150 g,Crisp & Snacks,1397,1332,539,1.05,125,8.95,100.00
564b722b1d92225859390ea030ddd983,"Ferrero Kinder Bueno White Chocolate Bar, (6x19,5 g), 117 g",Chocolate,1383,1363,556,1.01,36,2.60,100.00
1d3842663f6e6e8ab20a245bc43b72a0,"Knoppers Crispy Wafer, (8x25 g), 200 g",Chocolate,1362,1108,489,1.23,86,6.31,100.00
5dcef824f2fd5224744a86e4c7dd250d,"Crunchips Cheese & Onion Crisps, 150 g",Crisp & Snacks,1344,1308,517,1.03,54,4.02,100.00
898f47cb5c754158245b1b236d3df7e6,"Fuego guacamole dip, 200 ml","Cheese Crackers, Breadsticks & Dipping",1339,1292,609,1.04,0,0.00,100.00
dcc2ec0c38ed411a5d9295751328a464,"Pringles Sour Cream & Onion Chips, 165 g",Crisp & Snacks,1307,1244,537,1.05,41,3.14,100.00
8daf7c8493c249f143d4d72205f12405,"Nippon Häppchen puffed rice with milk chocolate, 200 g",Cookies,1284,978,379,1.31,21,1.64,100.00
03b69ef76960b93651906fa51bb5d44c,"Cadbury Milk Caramel Chocolate, 180 g",Chocolate,1268,931,314,1.36,13,1.03,100.00
ec3986f69034113171d2dd2bac845401,"Fuego salsa dip, hot, 200 ml","Cheese Crackers, Breadsticks & Dipping",1210,1115,539,1.09,20,1.65,100.00
b9c5d856f0380ca92e558a81c1a0c686,"Ritter Sport Honey-Salt-Almond Chocolate, 100 g",Chocolate,1208,1084,419,1.11,61,5.05,100.00
de2d83ff88ef56053a06b1e8686c5577,"Alnavit Chocolate Cookies, 125 g",Cookies,1191,1096,514,1.09,70,5.88,100.00
2b8d65b915a044b3570fd7f8a3a7d065,"Pom-Bär Original, 75 g",Crisp & Snacks,1131,1105,518,1.02,0,0.00,100.00
2247902fe615e4ad16d53af0070362da,"Ritter Sport Nut Class Whole Nut Chocolate, 100 g",Chocolate,1128,967,351,1.17,20,1.77,100.00
61d7a42ecec8482529b308f32ff598b1,"Hanuta Hazelnut Slice, (10x22 g), 220 g",Chocolate,1104,1057,441,1.04,53,4.80,100.00
07416ecd652da9d161c5113764ce6f90,"Takis Fuego, 100 g",Crisp & Snacks,1097,1064,457,1.03,0,0.00,100.00
bb8ba8e0cacb02d3fecb8478cf1be85c,"Reese’s Peanut Butter Cup Minis, 90 g",Chocolate,1018,909,421,1.12,38,3.73,100.00
d3ed3888a55bdc5f34aacbf9877850e1,"Tony’s Chocolonely Milk Chocolate, 32%, 180 g",Chocolate,971,903,375,1.08,18,1.85,100.00
4b8838c232ef24c3c33b0dcad972b672,"Ritter Sport Chocolate White Whole Nut, 100 g",Chocolate,965,913,431,1.06,18,1.87,100.00
c8311a116507e87271bd16fb898a5164,"Veganz Lemon Cookie, Organic, 150 g",Cookies,903,859,352,1.05,24,2.66,100.00
321127a76333fb0eceef367e946ce2cb,"Kinder Hippo Haselnuss, 5 Stück",Cookies,855,804,394,1.06,24,2.81,100.00
1b2aa51424dae1f208c314d58ae8e180,"Milka Schokolade Cookie Sensations Oreo Creme, 156 g",Cookies,811,773,378,1.05,53,6.54,100.00
e2c5b07e1f589fe7597d6f7318ea1838,"Griesson Soft Cake Orange, 300 g",Cookies,641,596,309,1.08,13,2.03,100.00
f0dfa363e993b8632fc5bb35648ca825,"Ferrero Nutella Nut Nougat Cream, 450 g",Chocolate & Sweet Spreads,638,636,359,1.00,4,0.63,100.00
32fb026b53f98d91ba7d1221358ee3ac,"Griesson Soft Cake biscuits, cherry, 300 g",Cookies,607,528,261,1.15,4,0.66,100.00
40604bd20ff58f587f4849ea3a6673ac,"Veganz Chocolate Cookie, Organic, 150 g",Cookies,603,565,225,1.07,10,1.66,100.00
184794567e769594406f10b6826d88e4,"Griesson Soft Cake biscuits, orange milk, 300 g",Cookies,558,514,242,1.09,22,3.94,100.00
b9ed451639de565e319543836d6bb64c,"Storck Super Dickmann’s Chocolate Kisses, (9x30 g), 270 g",Other Confectionary,555,380,200,1.46,0,0.00,100.00
8848e81faf793f35004c01e760863f14,"Giotto Hazelnut Pastry, (4 bars), 154 g","Toffee, Fudge & Nougat",467,260,119,1.80,4,0.86,100.00
b920b20ae65b43819f8696b2a6efcb21,"Ferrero Nutella Nut Nougat Cream, 750 g",Chocolate & Sweet Spreads,342,335,156,1.02,23,6.73,100.00
9457e16e60a76e40ad486d39b0c4a8b1,"Frigeo Crispy Puffed Rice, 80 g",Other Confectionary,301,260,165,1.16,0,0.00,100.00
c8985169d2c82050e3f8ef7f73451c8d,"Storck Riesen Chocolate Toffees, 231 g","Toffee, Fudge & Nougat",232,177,85,1.31,0,0.00,100.00
2894f60b88078fb5b58fbf8dab0dbc63,"Ferrero Nutella & Go, 52 g",Chocolate & Sweet Spreads,212,209,119,1.01,6,2.83,100.00
97cf2b65eb7bffb35913eaa9234cef6e,"Storck Dickmann’s Schoko Strolche Chocolate Kisses, (10 units), 83 g",Other Confectionary,168,73,30,2.30,13,7.74,100.00
9f8bd236cf455c9fa6a5fb11146b9368,"Muh Muhs Original cream toffee, 215 g","Toffee, Fudge & Nougat",128,101,66,1.27,0,0.00,100.00
097ec47745d7c29c58ec58ff30db2c35,"Lay's Crisps Salted, 150 g",Crisp & Snacks,63,58,49,1.09,0,0.00,100.00
cfda38a00b0aed7f3d0f2dc905553c83,"Rapunzel Bionella Vegan Organic Nut Nougat Cream, 400 g",Chocolate & Sweet Spreads,57,56,35,1.02,1,1.75,100.00
1d9d7fc4e965863acf0b3ad8ff8b3074,"Lisa's organic kettle chips sour cream & onion, 125 g",Crisp & Snacks,40,40,33,1.00,0,0.00,100.00
008400fe0a12cc313b1b998c107cafea,Foodspring Protein Cream Hazelnut 200 g,Chocolate & Sweet Spreads,33,33,28,1.00,0,0.00,100.00
4cd94f965eb1982fdce03d81699b0838,"Storck Toffifee Caramel-Hazelnut Chocolates, (15 units), 125 g","Toffee, Fudge & Nougat",32,28,26,1.14,0,0.00,100.00
6bbc265b0d9702985b61186ef2cec617,"Nestlé Choco Crossies Crunchy Balls Milk Chocolate, 200 g",Other Confectionary,27,26,15,1.04,1,3.70,100.00
eb53c87b1ee83c0586a633daab87837f,"Ferrero Kinder Bueno Chocolate Bar, (10x21,5 g), 215 g",Chocolate,27,15,10,1.80,0,0.00,100.00
