ITEM_A_KEY,ITEM_A_NAME,ITEM_A_CATEGORY,ITEM_B_KEY,ITEM_B_NAME,ITEM_B_CATEGORY,PAIR_PURCHASES,ITEM_A_PURCHASES,ITEM_B_PURCHASES,SUPPORT_PCT,CONFIDENCE_A_TO_B_PCT,CONFIDENCE_B_TO_A_PCT,LIFT
2f605027e796b8c1d897c6100903c6d7,"Fuego salsa dip, mild, 200 ml","Cheese Crackers, Breadsticks & Dipping",e9c4aa9e65917445495602a4adc16675,"Funny-Frisch Kettle Chips Sweet Chilli & Red Pepper, 120 g",Crisp & Snacks,3303,7081,31994,3.483,46.65,10.32,1.382
971c3d87aff5615604a3d1ef052d8cd9,"Chio Dip Hot Cheese, 200 ml","Cheese Crackers, Breadsticks & Dipping",e9c4aa9e65917445495602a4adc16675,"Funny-Frisch Kettle Chips Sweet Chilli & Red Pepper, 120 g",Crisp & Snacks,967,1854,31994,1.020,52.16,3.02,1.546
7581487f9a0d33775d570f020b0e4141,"Yogurette Strawberry Yogurt Chocolate, 100 g",Chocolate,7aef490acb1ca55f113afe02977b9e8f,"Tony’s Chocolonely Dark Milk Brownie Chocolate, 180 g",Chocolate,735,2048,29712,0.775,35.89,2.47,1.145
898f47cb5c754158245b1b236d3df7e6,"Fuego guacamole dip, 200 ml","Cheese Crackers, Breadsticks & Dipping",e9c4aa9e65917445495602a4adc16675,"Funny-Frisch Kettle Chips Sweet Chilli & Red Pepper, 120 g",Crisp & Snacks,704,1292,31994,0.742,54.49,2.20,1.615
e9c4aa9e65917445495602a4adc16675,"Funny-Frisch Kettle Chips Sweet Chilli & Red Pepper, 120 g",Crisp & Snacks,ec3986f69034113171d2dd2bac845401,"Fuego salsa dip, hot, 200 ml","Cheese Crackers, Breadsticks & Dipping",597,31994,1115,0.630,1.87,53.54,1.587
0e706671fbc1c66c6276653846b1c1ac,"Ferrero Kinder Country Chocolate Bar, (9x23,5 g), 211,5 g",Chocolate,7aef490acb1ca55f113afe02977b9e8f,"Tony’s Chocolonely Dark Milk Brownie Chocolate, 180 g",Chocolate,549,2092,29712,0.579,26.24,1.85,0.838
9b6c1ac419e38739c6276dcdb788bdcf,"Funny-Frisch Kettle Chips Salt & Vinegar, 120 g",Crisp & Snacks,e9c4aa9e65917445495602a4adc16675,"Funny-Frisch Kettle Chips Sweet Chilli & Red Pepper, 120 g",Crisp & Snacks,514,1608,31994,0.542,31.97,1.61,0.947
0057c74ea984d23e711ccc0c0d224e5a,"Doritos Cheese Nachos, 110 g",Crisp & Snacks,e9c4aa9e65917445495602a4adc16675,"Funny-Frisch Kettle Chips Sweet Chilli & Red Pepper, 120 g",Crisp & Snacks,505,1971,31994,0.533,25.62,1.58,0.759
13fe423f6a47156a00beee842eafc061,"Lorenz Naturals Rosemary Crisps, 95 g",Crisp & Snacks,e9c4aa9e65917445495602a4adc16675,"Funny-Frisch Kettle Chips Sweet Chilli & Red Pepper, 120 g",Crisp & Snacks,498,1622,31994,0.525,30.70,1.56,0.910
514473c47399dfac41b754ddf7fd5d94,"Funny-Frisch Lentil Crisps Paprika Style, 90 g",Crisp & Snacks,e9c4aa9e65917445495602a4adc16675,"Funny-Frisch Kettle Chips Sweet Chilli & Red Pepper, 120 g",Crisp & Snacks,488,1632,31994,0.515,29.90,1.53,0.886
0aec6d843c7bd4fd176e7f6376dfb0c8,"Funny-Frisch Riffels Natural, 150 g",Crisp & Snacks,e9c4aa9e65917445495602a4adc16675,"Funny-Frisch Kettle Chips Sweet Chilli & Red Pepper, 120 g",Crisp & Snacks,473,1499,31994,0.499,31.55,1.48,0.935
564b722b1d92225859390ea030ddd983,"Ferrero Kinder Bueno White Chocolate Bar, (6x19,5 g), 117 g",Chocolate,7aef490acb1ca55f113afe02977b9e8f,"Tony’s Chocolonely Dark Milk Brownie Chocolate, 180 g",Chocolate,440,1363,29712,0.464,32.28,1.48,1.030
d3dffe73c943311024ef5b4b71e3f598,"Lay's Crips herb butter flavour, 150 g",Crisp & Snacks,e9c4aa9e65917445495602a4adc16675,"Funny-Frisch Kettle Chips Sweet Chilli & Red Pepper, 120 g",Crisp & Snacks,440,1741,31994,0.464,25.27,1.38,0.749
7aef490acb1ca55f113afe02977b9e8f,"Tony’s Chocolonely Dark Milk Brownie Chocolate, 180 g",Chocolate,92d78ca20860dd50a1748fe2b0c8dc78,"Storck Mini Dickmann’s Chocolate Trio, (24 units), 200 g",Other Confectionary,436,29712,910,0.460,1.47,47.91,1.529
a5e0be3a6e03f5ca59260103e58835d2,"Lay's Salt & Vinegar Crisps, 150 g",Crisp & Snacks,e9c4aa9e65917445495602a4adc16675,"Funny-Frisch Kettle Chips Sweet Chilli & Red Pepper, 120 g",Crisp & Snacks,436,1944,31994,0.460,22.43,1.36,0.665
1d3842663f6e6e8ab20a245bc43b72a0,"Knoppers Crispy Wafer, (8x25 g), 200 g",Chocolate,7aef490acb1ca55f113afe02977b9e8f,"Tony’s Chocolonely Dark Milk Brownie Chocolate, 180 g",Chocolate,412,1108,29712,0.434,37.18,1.39,1.187
7576ff6ee76ca4dfc28bf4fbaaf08465,"Ferrero Kinder Riegel Chocolate Bar, (10x21 g), 210 g",Chocolate,7aef490acb1ca55f113afe02977b9e8f,"Tony’s Chocolonely Dark Milk Brownie Chocolate, 180 g",Chocolate,406,1402,29712,0.428,28.96,1.37,0.924
7aef490acb1ca55f113afe02977b9e8f,"Tony’s Chocolonely Dark Milk Brownie Chocolate, 180 g",Chocolate,b9c5d856f0380ca92e558a81c1a0c686,"Ritter Sport Honey-Salt-Almond Chocolate, 100 g",Chocolate,394,29712,1084,0.416,1.33,36.35,1.160
782c2fdec7b604daefea9bf7b783a7bb,Crunchips Western Style Potato Chips 150 g,Crisp & Snacks,e9c4aa9e65917445495602a4adc16675,"Funny-Frisch Kettle Chips Sweet Chilli & Red Pepper, 120 g",Crisp & Snacks,393,1332,31994,0.414,29.50,1.23,0.874
5d3969ae02b82a2e1f84457d03fedcab,"Ferrero Kinder Riegel Chocolate Bar, (18x21 g), 378 g",Chocolate,7aef490acb1ca55f113afe02977b9e8f,"Tony’s Chocolonely Dark Milk Brownie Chocolate, 180 g",Chocolate,391,937,29712,0.412,41.73,1.32,1.332
03b69ef76960b93651906fa51bb5d44c,"Cadbury Milk Caramel Chocolate, 180 g",Chocolate,7aef490acb1ca55f113afe02977b9e8f,"Tony’s Chocolonely Dark Milk Brownie Chocolate, 180 g",Chocolate,389,931,29712,0.410,41.78,1.31,1.333
dcc2ec0c38ed411a5d9295751328a464,"Pringles Sour Cream & Onion Chips, 165 g",Crisp & Snacks,e9c4aa9e65917445495602a4adc16675,"Funny-Frisch Kettle Chips Sweet Chilli & Red Pepper, 120 g",Crisp & Snacks,373,1244,31994,0.393,29.98,1.17,0.889
61d7a42ecec8482529b308f32ff598b1,"Hanuta Hazelnut Slice, (10x22 g), 220 g",Chocolate,7aef490acb1ca55f113afe02977b9e8f,"Tony’s Chocolonely Dark Milk Brownie Chocolate, 180 g",Chocolate,362,1057,29712,0.382,34.25,1.22,1.093
5dcef824f2fd5224744a86e4c7dd250d,"Crunchips Cheese & Onion Crisps, 150 g",Crisp & Snacks,e9c4aa9e65917445495602a4adc16675,"Funny-Frisch Kettle Chips Sweet Chilli & Red Pepper, 120 g",Crisp & Snacks,360,1308,31994,0.380,27.52,1.13,0.816
7aef490acb1ca55f113afe02977b9e8f,"Tony’s Chocolonely Dark Milk Brownie Chocolate, 180 g",Chocolate,e98605036c98cd2c57d3eaf01e1c49ad,"Ritter Sport Chocolate Wafer, 100 g",Chocolate,341,29712,923,0.360,1.15,36.94,1.179
64f36aa14d1921b5f20921a6fb8b8bc0,"Chio Tortillas Original Salted, 110 g",Crisp & Snacks,e9c4aa9e65917445495602a4adc16675,"Funny-Frisch Kettle Chips Sweet Chilli & Red Pepper, 120 g",Crisp & Snacks,340,1365,31994,0.359,24.91,1.06,0.738
2f605027e796b8c1d897c6100903c6d7,"Fuego salsa dip, mild, 200 ml","Cheese Crackers, Breadsticks & Dipping",a5e0be3a6e03f5ca59260103e58835d2,"Lay's Salt & Vinegar Crisps, 150 g",Crisp & Snacks,337,7081,1944,0.355,4.76,17.34,2.321
7aef490acb1ca55f113afe02977b9e8f,"Tony’s Chocolonely Dark Milk Brownie Chocolate, 180 g",Chocolate,edb0f4aa63864fc9a85372d15cb65440,Ja! Cookies American Style Chocolate Chip 225 g,Cookies,323,29712,1365,0.341,1.09,23.66,0.755
7aef490acb1ca55f113afe02977b9e8f,"Tony’s Chocolonely Dark Milk Brownie Chocolate, 180 g",Chocolate,bb8ba8e0cacb02d3fecb8478cf1be85c,"Reese’s Peanut Butter Cup Minis, 90 g",Chocolate,314,29712,909,0.331,1.06,34.54,1.102
7aef490acb1ca55f113afe02977b9e8f,"Tony’s Chocolonely Dark Milk Brownie Chocolate, 180 g",Chocolate,d3ed3888a55bdc5f34aacbf9877850e1,"Tony’s Chocolonely Milk Chocolate, 32%, 180 g",Chocolate,304,29712,903,0.321,1.02,33.67,1.074
2f605027e796b8c1d897c6100903c6d7,"Fuego salsa dip, mild, 200 ml","Cheese Crackers, Breadsticks & Dipping",782c2fdec7b604daefea9bf7b783a7bb,Crunchips Western Style Potato Chips 150 g,Crisp & Snacks,279,7081,1332,0.294,3.94,20.95,2.805
2247902fe615e4ad16d53af0070362da,"Ritter Sport Nut Class Whole Nut Chocolate, 100 g",Chocolate,7aef490acb1ca55f113afe02977b9e8f,"Tony’s Chocolonely Dark Milk Brownie Chocolate, 180 g",Chocolate,279,967,29712,0.294,28.85,0.94,0.921
7aef490acb1ca55f113afe02977b9e8f,"Tony’s Chocolonely Dark Milk Brownie Chocolate, 180 g",Chocolate,de2d83ff88ef56053a06b1e8686c5577,"Alnavit Chocolate Cookies, 125 g",Cookies,279,29712,1096,0.294,0.94,25.46,0.812
07416ecd652da9d161c5113764ce6f90,"Takis Fuego, 100 g",Crisp & Snacks,e9c4aa9e65917445495602a4adc16675,"Funny-Frisch Kettle Chips Sweet Chilli & Red Pepper, 120 g",Crisp & Snacks,279,1064,31994,0.294,26.22,0.87,0.777
2f605027e796b8c1d897c6100903c6d7,"Fuego salsa dip, mild, 200 ml","Cheese Crackers, Breadsticks & Dipping",64f36aa14d1921b5f20921a6fb8b8bc0,"Chio Tortillas Original Salted, 110 g",Crisp & Snacks,257,7081,1365,0.271,3.63,18.83,2.521
7aef490acb1ca55f113afe02977b9e8f,"Tony’s Chocolonely Dark Milk Brownie Chocolate, 180 g",Chocolate,8daf7c8493c249f143d4d72205f12405,"Nippon Häppchen puffed rice with milk chocolate, 200 g",Cookies,257,29712,978,0.271,0.86,26.28,0.839
2b8d65b915a044b3570fd7f8a3a7d065,"Pom-Bär Original, 75 g",Crisp & Snacks,e9c4aa9e65917445495602a4adc16675,"Funny-Frisch Kettle Chips Sweet Chilli & Red Pepper, 120 g",Crisp & Snacks,247,1105,31994,0.260,22.35,0.77,0.662
7aef490acb1ca55f113afe02977b9e8f,"Tony’s Chocolonely Dark Milk Brownie Chocolate, 180 g",Chocolate,c8311a116507e87271bd16fb898a5164,"Veganz Lemon Cookie, Organic, 150 g",Cookies,237,29712,859,0.250,0.80,27.59,0.881
4b8838c232ef24c3c33b0dcad972b672,"Ritter Sport Chocolate White Whole Nut, 100 g",Chocolate,7aef490acb1ca55f113afe02977b9e8f,"Tony’s Chocolonely Dark Milk Brownie Chocolate, 180 g",Chocolate,234,913,29712,0.247,25.63,0.79,0.818
07416ecd652da9d161c5113764ce6f90,"Takis Fuego, 100 g",Crisp & Snacks,2f605027e796b8c1d897c6100903c6d7,"Fuego salsa dip, mild, 200 ml","Cheese Crackers, Breadsticks & Dipping",231,1064,7081,0.244,21.71,3.26,2.907
2f605027e796b8c1d897c6100903c6d7,"Fuego salsa dip, mild, 200 ml","Cheese Crackers, Breadsticks & Dipping",971c3d87aff5615604a3d1ef052d8cd9,"Chio Dip Hot Cheese, 200 ml","Cheese Crackers, Breadsticks & Dipping",229,7081,1854,0.242,3.23,12.35,1.654
1b2aa51424dae1f208c314d58ae8e180,"Milka Schokolade Cookie Sensations Oreo Creme, 156 g",Cookies,7aef490acb1ca55f113afe02977b9e8f,"Tony’s Chocolonely Dark Milk Brownie Chocolate, 180 g",Chocolate,207,773,29712,0.218,26.78,0.70,0.855
2b8d65b915a044b3570fd7f8a3a7d065,"Pom-Bär Original, 75 g",Crisp & Snacks,2f605027e796b8c1d897c6100903c6d7,"Fuego salsa dip, mild, 200 ml","Cheese Crackers, Breadsticks & Dipping",198,1105,7081,0.209,17.92,2.80,2.399
321127a76333fb0eceef367e946ce2cb,"Kinder Hippo Haselnuss, 5 Stück",Cookies,7aef490acb1ca55f113afe02977b9e8f,"Tony’s Chocolonely Dark Milk Brownie Chocolate, 180 g",Chocolate,186,804,29712,0.196,23.13,0.63,0.738
0057c74ea984d23e711ccc0c0d224e5a,"Doritos Cheese Nachos, 110 g",Crisp & Snacks,2f605027e796b8c1d897c6100903c6d7,"Fuego salsa dip, mild, 200 ml","Cheese Crackers, Breadsticks & Dipping",182,1971,7081,0.192,9.23,2.57,1.237
184794567e769594406f10b6826d88e4,"Griesson Soft Cake biscuits, orange milk, 300 g",Cookies,7aef490acb1ca55f113afe02977b9e8f,"Tony’s Chocolonely Dark Milk Brownie Chocolate, 180 g",Chocolate,172,514,29712,0.181,33.46,0.58,1.068
40604bd20ff58f587f4849ea3a6673ac,"Veganz Chocolate Cookie, Organic, 150 g",Cookies,7aef490acb1ca55f113afe02977b9e8f,"Tony’s Chocolonely Dark Milk Brownie Chocolate, 180 g",Chocolate,166,565,29712,0.175,29.38,0.56,0.938
2f605027e796b8c1d897c6100903c6d7,"Fuego salsa dip, mild, 200 ml","Cheese Crackers, Breadsticks & Dipping",898f47cb5c754158245b1b236d3df7e6,"Fuego guacamole dip, 200 ml","Cheese Crackers, Breadsticks & Dipping",156,7081,1292,0.165,2.20,12.07,1.617
971c3d87aff5615604a3d1ef052d8cd9,"Chio Dip Hot Cheese, 200 ml","Cheese Crackers, Breadsticks & Dipping",a5e0be3a6e03f5ca59260103e58835d2,"Lay's Salt & Vinegar Crisps, 150 g",Crisp & Snacks,154,1854,1944,0.162,8.31,7.92,4.052
2f605027e796b8c1d897c6100903c6d7,"Fuego salsa dip, mild, 200 ml","Cheese Crackers, Breadsticks & Dipping",dcc2ec0c38ed411a5d9295751328a464,"Pringles Sour Cream & Onion Chips, 165 g",Crisp & Snacks,151,7081,1244,0.159,2.13,12.14,1.625
7aef490acb1ca55f113afe02977b9e8f,"Tony’s Chocolonely Dark Milk Brownie Chocolate, 180 g",Chocolate,b9ed451639de565e319543836d6bb64c,"Storck Super Dickmann’s Chocolate Kisses, (9x30 g), 270 g",Other Confectionary,149,29712,380,0.157,0.50,39.21,1.251
2f605027e796b8c1d897c6100903c6d7,"Fuego salsa dip, mild, 200 ml","Cheese Crackers, Breadsticks & Dipping",ec3986f69034113171d2dd2bac845401,"Fuego salsa dip, hot, 200 ml","Cheese Crackers, Breadsticks & Dipping",145,7081,1115,0.153,2.05,13.00,1.741
7aef490acb1ca55f113afe02977b9e8f,"Tony’s Chocolonely Dark Milk Brownie Chocolate, 180 g",Chocolate,f0dfa363e993b8632fc5bb35648ca825,"Ferrero Nutella Nut Nougat Cream, 450 g",Chocolate & Sweet Spreads,130,29712,636,0.137,0.44,20.44,0.652
32fb026b53f98d91ba7d1221358ee3ac,"Griesson Soft Cake biscuits, cherry, 300 g",Cookies,7aef490acb1ca55f113afe02977b9e8f,"Tony’s Chocolonely Dark Milk Brownie Chocolate, 180 g",Chocolate,122,528,29712,0.129,23.11,0.41,0.737
13fe423f6a47156a00beee842eafc061,"Lorenz Naturals Rosemary Crisps, 95 g",Crisp & Snacks,2f605027e796b8c1d897c6100903c6d7,"Fuego salsa dip, mild, 200 ml","Cheese Crackers, Breadsticks & Dipping",116,1622,7081,0.122,7.15,1.64,0.958
5dcef824f2fd5224744a86e4c7dd250d,"Crunchips Cheese & Onion Crisps, 150 g",Crisp & Snacks,a5e0be3a6e03f5ca59260103e58835d2,"Lay's Salt & Vinegar Crisps, 150 g",Crisp & Snacks,105,1308,1944,0.111,8.03,5.40,3.916
2f605027e796b8c1d897c6100903c6d7,"Fuego salsa dip, mild, 200 ml","Cheese Crackers, Breadsticks & Dipping",514473c47399dfac41b754ddf7fd5d94,"Funny-Frisch Lentil Crisps Paprika Style, 90 g",Crisp & Snacks,105,7081,1632,0.111,1.48,6.43,0.862
2f605027e796b8c1d897c6100903c6d7,"Fuego salsa dip, mild, 200 ml","Cheese Crackers, Breadsticks & Dipping",5dcef824f2fd5224744a86e4c7dd250d,"Crunchips Cheese & Onion Crisps, 150 g",Crisp & Snacks,102,7081,1308,0.108,1.44,7.80,1.044
2f605027e796b8c1d897c6100903c6d7,"Fuego salsa dip, mild, 200 ml","Cheese Crackers, Breadsticks & Dipping",d3dffe73c943311024ef5b4b71e3f598,"Lay's Crips herb butter flavour, 150 g",Crisp & Snacks,102,7081,1741,0.108,1.44,5.86,0.785
5dcef824f2fd5224744a86e4c7dd250d,"Crunchips Cheese & Onion Crisps, 150 g",Crisp & Snacks,dcc2ec0c38ed411a5d9295751328a464,"Pringles Sour Cream & Onion Chips, 165 g",Crisp & Snacks,100,1308,1244,0.105,7.65,8.04,5.827
7aef490acb1ca55f113afe02977b9e8f,"Tony’s Chocolonely Dark Milk Brownie Chocolate, 180 g",Chocolate,9457e16e60a76e40ad486d39b0c4a8b1,"Frigeo Crispy Puffed Rice, 80 g",Other Confectionary,96,29712,260,0.101,0.32,36.92,1.178
7581487f9a0d33775d570f020b0e4141,"Yogurette Strawberry Yogurt Chocolate, 100 g",Chocolate,b9c5d856f0380ca92e558a81c1a0c686,"Ritter Sport Honey-Salt-Almond Chocolate, 100 g",Chocolate,94,2048,1084,0.099,4.59,8.67,4.015
7aef490acb1ca55f113afe02977b9e8f,"Tony’s Chocolonely Dark Milk Brownie Chocolate, 180 g",Chocolate,e2c5b07e1f589fe7597d6f7318ea1838,"Griesson Soft Cake Orange, 300 g",Cookies,94,29712,596,0.099,0.32,15.77,0.503
0aec6d843c7bd4fd176e7f6376dfb0c8,"Funny-Frisch Riffels Natural, 150 g",Crisp & Snacks,2f605027e796b8c1d897c6100903c6d7,"Fuego salsa dip, mild, 200 ml","Cheese Crackers, Breadsticks & Dipping",90,1499,7081,0.095,6.00,1.27,0.804
07416ecd652da9d161c5113764ce6f90,"Takis Fuego, 100 g",Crisp & Snacks,971c3d87aff5615604a3d1ef052d8cd9,"Chio Dip Hot Cheese, 200 ml","Cheese Crackers, Breadsticks & Dipping",87,1064,1854,0.092,8.18,4.69,4.182
0e706671fbc1c66c6276653846b1c1ac,"Ferrero Kinder Country Chocolate Bar, (9x23,5 g), 211,5 g",Chocolate,7576ff6ee76ca4dfc28bf4fbaaf08465,"Ferrero Kinder Riegel Chocolate Bar, (10x21 g), 210 g",Chocolate,84,2092,1402,0.089,4.02,5.99,2.716
7aef490acb1ca55f113afe02977b9e8f,"Tony’s Chocolonely Dark Milk Brownie Chocolate, 180 g",Chocolate,c8985169d2c82050e3f8ef7f73451c8d,"Storck Riesen Chocolate Toffees, 231 g","Toffee, Fudge & Nougat",83,29712,177,0.088,0.28,46.89,1.497
2f605027e796b8c1d897c6100903c6d7,"Fuego salsa dip, mild, 200 ml","Cheese Crackers, Breadsticks & Dipping",9b6c1ac419e38739c6276dcdb788bdcf,"Funny-Frisch Kettle Chips Salt & Vinegar, 120 g",Crisp & Snacks,81,7081,1608,0.085,1.14,5.04,0.675
7aef490acb1ca55f113afe02977b9e8f,"Tony’s Chocolonely Dark Milk Brownie Chocolate, 180 g",Chocolate,b920b20ae65b43819f8696b2a6efcb21,"Ferrero Nutella Nut Nougat Cream, 750 g",Chocolate & Sweet Spreads,79,29712,335,0.083,0.27,23.58,0.753
a5e0be3a6e03f5ca59260103e58835d2,"Lay's Salt & Vinegar Crisps, 150 g",Crisp & Snacks,dcc2ec0c38ed411a5d9295751328a464,"Pringles Sour Cream & Onion Chips, 165 g",Crisp & Snacks,75,1944,1244,0.079,3.86,6.03,2.941
64f36aa14d1921b5f20921a6fb8b8bc0,"Chio Tortillas Original Salted, 110 g",Crisp & Snacks,971c3d87aff5615604a3d1ef052d8cd9,"Chio Dip Hot Cheese, 200 ml","Cheese Crackers, Breadsticks & Dipping",74,1365,1854,0.078,5.42,3.99,2.773
7aef490acb1ca55f113afe02977b9e8f,"Tony’s Chocolonely Dark Milk Brownie Chocolate, 180 g",Chocolate,8848e81faf793f35004c01e760863f14,"Giotto Hazelnut Pastry, (4 bars), 154 g","Toffee, Fudge & Nougat",71,29712,260,0.075,0.24,27.31,0.871
2b8d65b915a044b3570fd7f8a3a7d065,"Pom-Bär Original, 75 g",Crisp & Snacks,971c3d87aff5615604a3d1ef052d8cd9,"Chio Dip Hot Cheese, 200 ml","Cheese Crackers, Breadsticks & Dipping",70,1105,1854,0.074,6.33,3.78,3.240
1b2aa51424dae1f208c314d58ae8e180,"Milka Schokolade Cookie Sensations Oreo Creme, 156 g",Cookies,de2d83ff88ef56053a06b1e8686c5577,"Alnavit Chocolate Cookies, 125 g",Cookies,69,773,1096,0.073,8.93,6.30,7.723
0057c74ea984d23e711ccc0c0d224e5a,"Doritos Cheese Nachos, 110 g",Crisp & Snacks,514473c47399dfac41b754ddf7fd5d94,"Funny-Frisch Lentil Crisps Paprika Style, 90 g",Crisp & Snacks,69,1971,1632,0.073,3.50,4.23,2.034
dcc2ec0c38ed411a5d9295751328a464,"Pringles Sour Cream & Onion Chips, 165 g",Crisp & Snacks,ec3986f69034113171d2dd2bac845401,"Fuego salsa dip, hot, 200 ml","Cheese Crackers, Breadsticks & Dipping",67,1244,1115,0.071,5.39,6.01,4.580
0e706671fbc1c66c6276653846b1c1ac,"Ferrero Kinder Country Chocolate Bar, (9x23,5 g), 211,5 g",Chocolate,7581487f9a0d33775d570f020b0e4141,"Yogurette Strawberry Yogurt Chocolate, 100 g",Chocolate,67,2092,2048,0.071,3.20,3.27,1.483
13fe423f6a47156a00beee842eafc061,"Lorenz Naturals Rosemary Crisps, 95 g",Crisp & Snacks,9b6c1ac419e38739c6276dcdb788bdcf,"Funny-Frisch Kettle Chips Salt & Vinegar, 120 g",Crisp & Snacks,65,1622,1608,0.069,4.01,4.04,2.363
64f36aa14d1921b5f20921a6fb8b8bc0,"Chio Tortillas Original Salted, 110 g",Crisp & Snacks,898f47cb5c754158245b1b236d3df7e6,"Fuego guacamole dip, 200 ml","Cheese Crackers, Breadsticks & Dipping",63,1365,1292,0.066,4.62,4.88,3.387
de2d83ff88ef56053a06b1e8686c5577,"Alnavit Chocolate Cookies, 125 g",Cookies,edb0f4aa63864fc9a85372d15cb65440,Ja! Cookies American Style Chocolate Chip 225 g,Cookies,62,1096,1365,0.065,5.66,4.54,3.930
1d3842663f6e6e8ab20a245bc43b72a0,"Knoppers Crispy Wafer, (8x25 g), 200 g",Chocolate,7581487f9a0d33775d570f020b0e4141,"Yogurette Strawberry Yogurt Chocolate, 100 g",Chocolate,62,1108,2048,0.065,5.60,3.03,2.591
03b69ef76960b93651906fa51bb5d44c,"Cadbury Milk Caramel Chocolate, 180 g",Chocolate,92d78ca20860dd50a1748fe2b0c8dc78,"Storck Mini Dickmann’s Chocolate Trio, (24 units), 200 g",Other Confectionary,61,931,910,0.064,6.55,6.70,6.827
a5e0be3a6e03f5ca59260103e58835d2,"Lay's Salt & Vinegar Crisps, 150 g",Crisp & Snacks,ec3986f69034113171d2dd2bac845401,"Fuego salsa dip, hot, 200 ml","Cheese Crackers, Breadsticks & Dipping",60,1944,1115,0.063,3.09,5.38,2.625
0057c74ea984d23e711ccc0c0d224e5a,"Doritos Cheese Nachos, 110 g",Crisp & Snacks,5dcef824f2fd5224744a86e4c7dd250d,"Crunchips Cheese & Onion Crisps, 150 g",Crisp & Snacks,58,1971,1308,0.061,2.94,4.43,2.133
971c3d87aff5615604a3d1ef052d8cd9,"Chio Dip Hot Cheese, 200 ml","Cheese Crackers, Breadsticks & Dipping",dcc2ec0c38ed411a5d9295751328a464,"Pringles Sour Cream & Onion Chips, 165 g",Crisp & Snacks,57,1854,1244,0.060,3.07,4.58,2.343
0057c74ea984d23e711ccc0c0d224e5a,"Doritos Cheese Nachos, 110 g",Crisp & Snacks,13fe423f6a47156a00beee842eafc061,"Lorenz Naturals Rosemary Crisps, 95 g",Crisp & Snacks,56,1971,1622,0.059,2.84,3.45,1.661
2b8d65b915a044b3570fd7f8a3a7d065,"Pom-Bär Original, 75 g",Crisp & Snacks,898f47cb5c754158245b1b236d3df7e6,"Fuego guacamole dip, 200 ml","Cheese Crackers, Breadsticks & Dipping",55,1105,1292,0.058,4.98,4.26,3.653
61d7a42ecec8482529b308f32ff598b1,"Hanuta Hazelnut Slice, (10x22 g), 220 g",Chocolate,7581487f9a0d33775d570f020b0e4141,"Yogurette Strawberry Yogurt Chocolate, 100 g",Chocolate,55,1057,2048,0.058,5.20,2.69,2.409
898f47cb5c754158245b1b236d3df7e6,"Fuego guacamole dip, 200 ml","Cheese Crackers, Breadsticks & Dipping",a5e0be3a6e03f5ca59260103e58835d2,"Lay's Salt & Vinegar Crisps, 150 g",Crisp & Snacks,55,1292,1944,0.058,4.26,2.83,2.076
0e706671fbc1c66c6276653846b1c1ac,"Ferrero Kinder Country Chocolate Bar, (9x23,5 g), 211,5 g",Chocolate,564b722b1d92225859390ea030ddd983,"Ferrero Kinder Bueno White Chocolate Bar, (6x19,5 g), 117 g",Chocolate,54,2092,1363,0.057,2.58,3.96,1.796
898f47cb5c754158245b1b236d3df7e6,"Fuego guacamole dip, 200 ml","Cheese Crackers, Breadsticks & Dipping",dcc2ec0c38ed411a5d9295751328a464,"Pringles Sour Cream & Onion Chips, 165 g",Crisp & Snacks,53,1292,1244,0.056,4.10,4.26,3.127
514473c47399dfac41b754ddf7fd5d94,"Funny-Frisch Lentil Crisps Paprika Style, 90 g",Crisp & Snacks,d3dffe73c943311024ef5b4b71e3f598,"Lay's Crips herb butter flavour, 150 g",Crisp & Snacks,53,1632,1741,0.056,3.25,3.04,1.769
07416ecd652da9d161c5113764ce6f90,"Takis Fuego, 100 g",Crisp & Snacks,ec3986f69034113171d2dd2bac845401,"Fuego salsa dip, hot, 200 ml","Cheese Crackers, Breadsticks & Dipping",50,1064,1115,0.053,4.70,4.48,3.996
564b722b1d92225859390ea030ddd983,"Ferrero Kinder Bueno White Chocolate Bar, (6x19,5 g), 117 g",Chocolate,7576ff6ee76ca4dfc28bf4fbaaf08465,"Ferrero Kinder Riegel Chocolate Bar, (10x21 g), 210 g",Chocolate,50,1363,1402,0.053,3.67,3.57,2.481
7aef490acb1ca55f113afe02977b9e8f,"Tony’s Chocolonely Dark Milk Brownie Chocolate, 180 g",Chocolate,97cf2b65eb7bffb35913eaa9234cef6e,"Storck Dickmann’s Schoko Strolche Chocolate Kisses, (10 units), 83 g",Other Confectionary,50,29712,73,0.053,0.17,68.49,2.186
92d78ca20860dd50a1748fe2b0c8dc78,"Storck Mini Dickmann’s Chocolate Trio, (24 units), 200 g",Other Confectionary,b9ed451639de565e319543836d6bb64c,"Storck Super Dickmann’s Chocolate Kisses, (9x30 g), 270 g",Other Confectionary,49,910,380,0.052,5.38,12.89,13.436
782c2fdec7b604daefea9bf7b783a7bb,Crunchips Western Style Potato Chips 150 g,Crisp & Snacks,898f47cb5c754158245b1b236d3df7e6,"Fuego guacamole dip, 200 ml","Cheese Crackers, Breadsticks & Dipping",49,1332,1292,0.052,3.68,3.79,2.700
07416ecd652da9d161c5113764ce6f90,"Takis Fuego, 100 g",Crisp & Snacks,a5e0be3a6e03f5ca59260103e58835d2,"Lay's Salt & Vinegar Crisps, 150 g",Crisp & Snacks,49,1064,1944,0.052,4.61,2.52,2.246
898f47cb5c754158245b1b236d3df7e6,"Fuego guacamole dip, 200 ml","Cheese Crackers, Breadsticks & Dipping",ec3986f69034113171d2dd2bac845401,"Fuego salsa dip, hot, 200 ml","Cheese Crackers, Breadsticks & Dipping",48,1292,1115,0.051,3.72,4.30,3.159
7581487f9a0d33775d570f020b0e4141,"Yogurette Strawberry Yogurt Chocolate, 100 g",Chocolate,92d78ca20860dd50a1748fe2b0c8dc78,"Storck Mini Dickmann’s Chocolate Trio, (24 units), 200 g",Other Confectionary,48,2048,910,0.051,2.34,5.27,2.442
