ITEM_A_KEY,ITEM_A_NAME,ITEM_B_KEY,ITEM_B_NAME,PAIR_PURCHASES,SUPPORT_PCT,LIFT
2f605027e796b8c1d897c6100903c6d7,"Fuego salsa dip, mild, 200 ml",e9c4aa9e65917445495602a4adc16675,"Funny-Frisch Kettle Chips Sweet Chilli & Red Pepper, 120 g",3147,3.641,1.397
971c3d87aff5615604a3d1ef052d8cd9,"Chio Dip Hot Cheese, 200 ml",e9c4aa9e65917445495602a4adc16675,"Funny-Frisch Kettle Chips Sweet Chilli & Red Pepper, 120 g",920,1.065,1.543
7581487f9a0d33775d570f020b0e4141,"Yogurette Strawberry Yogurt Chocolate, 100 g",7aef490acb1ca55f113afe02977b9e8f,"Tony’s Chocolonely Dark Milk Brownie Chocolate, 180 g",714,0.826,1.181
898f47cb5c754158245b1b236d3df7e6,"Fuego guacamole dip, 200 ml",e9c4aa9e65917445495602a4adc16675,"Funny-Frisch Kettle Chips Sweet Chilli & Red Pepper, 120 g",674,0.780,1.615
e9c4aa9e65917445495602a4adc16675,"Funny-Frisch Kettle Chips Sweet Chilli & Red Pepper, 120 g",ec3986f69034113171d2dd2bac845401,"Fuego salsa dip, hot, 200 ml",575,0.665,1.591
0e706671fbc1c66c6276653846b1c1ac,"Ferrero Kinder Country Chocolate Bar, (9x23,5 g), 211,5 g",7aef490acb1ca55f113afe02977b9e8f,"Tony’s Chocolonely Dark Milk Brownie Chocolate, 180 g",527,0.610,0.868
9b6c1ac419e38739c6276dcdb788bdcf,"Funny-Frisch Kettle Chips Salt & Vinegar, 120 g",e9c4aa9e65917445495602a4adc16675,"Funny-Frisch Kettle Chips Sweet Chilli & Red Pepper, 120 g",499,0.577,0.970
13fe423f6a47156a00beee842eafc061,"Lorenz Naturals Rosemary Crisps, 95 g",e9c4aa9e65917445495602a4adc16675,"Funny-Frisch Kettle Chips Sweet Chilli & Red Pepper, 120 g",479,0.554,0.928
0057c74ea984d23e711ccc0c0d224e5a,"Doritos Cheese Nachos, 110 g",e9c4aa9e65917445495602a4adc16675,"Funny-Frisch Kettle Chips Sweet Chilli & Red Pepper, 120 g",471,0.545,0.815
514473c47399dfac41b754ddf7fd5d94,"Funny-Frisch Lentil Crisps Paprika Style, 90 g",e9c4aa9e65917445495602a4adc16675,"Funny-Frisch Kettle Chips Sweet Chilli & Red Pepper, 120 g",466,0.539,0.907
0aec6d843c7bd4fd176e7f6376dfb0c8,"Funny-Frisch Riffels Natural, 150 g",e9c4aa9e65917445495602a4adc16675,"Funny-Frisch Kettle Chips Sweet Chilli & Red Pepper, 120 g",461,0.533,0.963
d3dffe73c943311024ef5b4b71e3f598,"Lay's Crips herb butter flavour, 150 g",e9c4aa9e65917445495602a4adc16675,"Funny-Frisch Kettle Chips Sweet Chilli & Red Pepper, 120 g",430,0.498,0.767
7aef490acb1ca55f113afe02977b9e8f,"Tony’s Chocolonely Dark Milk Brownie Chocolate, 180 g",92d78ca20860dd50a1748fe2b0c8dc78,"Storck Mini Dickmann’s Chocolate Trio, (24 units), 200 g",421,0.487,1.540
a5e0be3a6e03f5ca59260103e58835d2,"Lay's Salt & Vinegar Crisps, 150 g",e9c4aa9e65917445495602a4adc16675,"Funny-Frisch Kettle Chips Sweet Chilli & Red Pepper, 120 g",419,0.485,0.680
564b722b1d92225859390ea030ddd983,"Ferrero Kinder Bueno White Chocolate Bar, (6x19,5 g), 117 g",7aef490acb1ca55f113afe02977b9e8f,"Tony’s Chocolonely Dark Milk Brownie Chocolate, 180 g",414,0.479,1.060
1d3842663f6e6e8ab20a245bc43b72a0,"Knoppers Crispy Wafer, (8x25 g), 200 g",7aef490acb1ca55f113afe02977b9e8f,"Tony’s Chocolonely Dark Milk Brownie Chocolate, 180 g",384,0.444,1.226
5d3969ae02b82a2e1f84457d03fedcab,"Ferrero Kinder Riegel Chocolate Bar, (18x21 g), 378 g",7aef490acb1ca55f113afe02977b9e8f,"Tony’s Chocolonely Dark Milk Brownie Chocolate, 180 g",381,0.441,1.387
03b69ef76960b93651906fa51bb5d44c,"Cadbury Milk Caramel Chocolate, 180 g",7aef490acb1ca55f113afe02977b9e8f,"Tony’s Chocolonely Dark Milk Brownie Chocolate, 180 g",371,0.429,1.376
7576ff6ee76ca4dfc28bf4fbaaf08465,"Ferrero Kinder Riegel Chocolate Bar, (10x21 g), 210 g",7aef490acb1ca55f113afe02977b9e8f,"Tony’s Chocolonely Dark Milk Brownie Chocolate, 180 g",369,0.427,0.935
7aef490acb1ca55f113afe02977b9e8f,"Tony’s Chocolonely Dark Milk Brownie Chocolate, 180 g",b9c5d856f0380ca92e558a81c1a0c686,"Ritter Sport Honey-Salt-Almond Chocolate, 100 g",366,0.423,1.193
782c2fdec7b604daefea9bf7b783a7bb,Crunchips Western Style Potato Chips 150 g,e9c4aa9e65917445495602a4adc16675,"Funny-Frisch Kettle Chips Sweet Chilli & Red Pepper, 120 g",363,0.420,0.878
dcc2ec0c38ed411a5d9295751328a464,"Pringles Sour Cream & Onion Chips, 165 g",e9c4aa9e65917445495602a4adc16675,"Funny-Frisch Kettle Chips Sweet Chilli & Red Pepper, 120 g",356,0.412,0.910
61d7a42ecec8482529b308f32ff598b1,"Hanuta Hazelnut Slice, (10x22 g), 220 g",7aef490acb1ca55f113afe02977b9e8f,"Tony’s Chocolonely Dark Milk Brownie Chocolate, 180 g",351,0.406,1.126
5dcef824f2fd5224744a86e4c7dd250d,"Crunchips Cheese & Onion Crisps, 150 g",e9c4aa9e65917445495602a4adc16675,"Funny-Frisch Kettle Chips Sweet Chilli & Red Pepper, 120 g",338,0.391,0.864
2f605027e796b8c1d897c6100903c6d7,"Fuego salsa dip, mild, 200 ml",a5e0be3a6e03f5ca59260103e58835d2,"Lay's Salt & Vinegar Crisps, 150 g",330,0.382,2.384
7aef490acb1ca55f113afe02977b9e8f,"Tony’s Chocolonely Dark Milk Brownie Chocolate, 180 g",e98605036c98cd2c57d3eaf01e1c49ad,"Ritter Sport Chocolate Wafer, 100 g",323,0.374,1.209
64f36aa14d1921b5f20921a6fb8b8bc0,"Chio Tortillas Original Salted, 110 g",e9c4aa9e65917445495602a4adc16675,"Funny-Frisch Kettle Chips Sweet Chilli & Red Pepper, 120 g",323,0.374,0.757
7aef490acb1ca55f113afe02977b9e8f,"Tony’s Chocolonely Dark Milk Brownie Chocolate, 180 g",bb8ba8e0cacb02d3fecb8478cf1be85c,"Reese’s Peanut Butter Cup Minis, 90 g",303,0.351,1.141
7aef490acb1ca55f113afe02977b9e8f,"Tony’s Chocolonely Dark Milk Brownie Chocolate, 180 g",edb0f4aa63864fc9a85372d15cb65440,Ja! Cookies American Style Chocolate Chip 225 g,298,0.345,0.761
7aef490acb1ca55f113afe02977b9e8f,"Tony’s Chocolonely Dark Milk Brownie Chocolate, 180 g",d3ed3888a55bdc5f34aacbf9877850e1,"Tony’s Chocolonely Milk Chocolate, 32%, 180 g",293,0.339,1.133
07416ecd652da9d161c5113764ce6f90,"Takis Fuego, 100 g",e9c4aa9e65917445495602a4adc16675,"Funny-Frisch Kettle Chips Sweet Chilli & Red Pepper, 120 g",273,0.316,0.794
7aef490acb1ca55f113afe02977b9e8f,"Tony’s Chocolonely Dark Milk Brownie Chocolate, 180 g",de2d83ff88ef56053a06b1e8686c5577,"Alnavit Chocolate Cookies, 125 g",271,0.314,0.841
2247902fe615e4ad16d53af0070362da,"Ritter Sport Nut Class Whole Nut Chocolate, 100 g",7aef490acb1ca55f113afe02977b9e8f,"Tony’s Chocolonely Dark Milk Brownie Chocolate, 180 g",270,0.312,0.938
2f605027e796b8c1d897c6100903c6d7,"Fuego salsa dip, mild, 200 ml",782c2fdec7b604daefea9bf7b783a7bb,Crunchips Western Style Potato Chips 150 g,253,0.293,2.724
7aef490acb1ca55f113afe02977b9e8f,"Tony’s Chocolonely Dark Milk Brownie Chocolate, 180 g",8daf7c8493c249f143d4d72205f12405,"Nippon Häppchen puffed rice with milk chocolate, 200 g",244,0.282,0.854
2b8d65b915a044b3570fd7f8a3a7d065,"Pom-Bär Original, 75 g",e9c4aa9e65917445495602a4adc16675,"Funny-Frisch Kettle Chips Sweet Chilli & Red Pepper, 120 g",240,0.278,0.732
2f605027e796b8c1d897c6100903c6d7,"Fuego salsa dip, mild, 200 ml",64f36aa14d1921b5f20921a6fb8b8bc0,"Chio Tortillas Original Salted, 110 g",229,0.265,2.391
2f605027e796b8c1d897c6100903c6d7,"Fuego salsa dip, mild, 200 ml",971c3d87aff5615604a3d1ef052d8cd9,"Chio Dip Hot Cheese, 200 ml",226,0.262,1.687
07416ecd652da9d161c5113764ce6f90,"Takis Fuego, 100 g",2f605027e796b8c1d897c6100903c6d7,"Fuego salsa dip, mild, 200 ml",224,0.259,2.902
7aef490acb1ca55f113afe02977b9e8f,"Tony’s Chocolonely Dark Milk Brownie Chocolate, 180 g",c8311a116507e87271bd16fb898a5164,"Veganz Lemon Cookie, Organic, 150 g",222,0.257,0.903
4b8838c232ef24c3c33b0dcad972b672,"Ritter Sport Chocolate White Whole Nut, 100 g",7aef490acb1ca55f113afe02977b9e8f,"Tony’s Chocolonely Dark Milk Brownie Chocolate, 180 g",209,0.242,0.829
1b2aa51424dae1f208c314d58ae8e180,"Milka Schokolade Cookie Sensations Oreo Creme, 156 g",7aef490acb1ca55f113afe02977b9e8f,"Tony’s Chocolonely Dark Milk Brownie Chocolate, 180 g",205,0.237,0.893
2b8d65b915a044b3570fd7f8a3a7d065,"Pom-Bär Original, 75 g",2f605027e796b8c1d897c6100903c6d7,"Fuego salsa dip, mild, 200 ml",192,0.222,2.606
321127a76333fb0eceef367e946ce2cb,"Kinder Hippo Haselnuss, 5 Stück",7aef490acb1ca55f113afe02977b9e8f,"Tony’s Chocolonely Dark Milk Brownie Chocolate, 180 g",179,0.207,0.760
0057c74ea984d23e711ccc0c0d224e5a,"Doritos Cheese Nachos, 110 g",2f605027e796b8c1d897c6100903c6d7,"Fuego salsa dip, mild, 200 ml",172,0.199,1.325
184794567e769594406f10b6826d88e4,"Griesson Soft Cake biscuits, orange milk, 300 g",7aef490acb1ca55f113afe02977b9e8f,"Tony’s Chocolonely Dark Milk Brownie Chocolate, 180 g",160,0.185,1.055
40604bd20ff58f587f4849ea3a6673ac,"Veganz Chocolate Cookie, Organic, 150 g",7aef490acb1ca55f113afe02977b9e8f,"Tony’s Chocolonely Dark Milk Brownie Chocolate, 180 g",157,0.182,0.956
971c3d87aff5615604a3d1ef052d8cd9,"Chio Dip Hot Cheese, 200 ml",a5e0be3a6e03f5ca59260103e58835d2,"Lay's Salt & Vinegar Crisps, 150 g",153,0.177,4.174
2f605027e796b8c1d897c6100903c6d7,"Fuego salsa dip, mild, 200 ml",898f47cb5c754158245b1b236d3df7e6,"Fuego guacamole dip, 200 ml",146,0.169,1.558
2f605027e796b8c1d897c6100903c6d7,"Fuego salsa dip, mild, 200 ml",dcc2ec0c38ed411a5d9295751328a464,"Pringles Sour Cream & Onion Chips, 165 g",145,0.168,1.651
7aef490acb1ca55f113afe02977b9e8f,"Tony’s Chocolonely Dark Milk Brownie Chocolate, 180 g",b9ed451639de565e319543836d6bb64c,"Storck Super Dickmann’s Chocolate Kisses, (9x30 g), 270 g",144,0.167,1.307
2f605027e796b8c1d897c6100903c6d7,"Fuego salsa dip, mild, 200 ml",ec3986f69034113171d2dd2bac845401,"Fuego salsa dip, hot, 200 ml",138,0.160,1.700
7aef490acb1ca55f113afe02977b9e8f,"Tony’s Chocolonely Dark Milk Brownie Chocolate, 180 g",f0dfa363e993b8632fc5bb35648ca825,"Ferrero Nutella Nut Nougat Cream, 450 g",119,0.138,0.663
32fb026b53f98d91ba7d1221358ee3ac,"Griesson Soft Cake biscuits, cherry, 300 g",7aef490acb1ca55f113afe02977b9e8f,"Tony’s Chocolonely Dark Milk Brownie Chocolate, 180 g",117,0.135,0.839
13fe423f6a47156a00beee842eafc061,"Lorenz Naturals Rosemary Crisps, 95 g",2f605027e796b8c1d897c6100903c6d7,"Fuego salsa dip, mild, 200 ml",113,0.131,0.975
2f605027e796b8c1d897c6100903c6d7,"Fuego salsa dip, mild, 200 ml",514473c47399dfac41b754ddf7fd5d94,"Funny-Frisch Lentil Crisps Paprika Style, 90 g",103,0.119,0.892
2f605027e796b8c1d897c6100903c6d7,"Fuego salsa dip, mild, 200 ml",5dcef824f2fd5224744a86e4c7dd250d,"Crunchips Cheese & Onion Crisps, 150 g",102,0.118,1.160
2f605027e796b8c1d897c6100903c6d7,"Fuego salsa dip, mild, 200 ml",d3dffe73c943311024ef5b4b71e3f598,"Lay's Crips herb butter flavour, 150 g",100,0.116,0.794
5dcef824f2fd5224744a86e4c7dd250d,"Crunchips Cheese & Onion Crisps, 150 g",a5e0be3a6e03f5ca59260103e58835d2,"Lay's Salt & Vinegar Crisps, 150 g",99,0.115,4.116
7aef490acb1ca55f113afe02977b9e8f,"Tony’s Chocolonely Dark Milk Brownie Chocolate, 180 g",e2c5b07e1f589fe7597d6f7318ea1838,"Griesson Soft Cake Orange, 300 g",91,0.105,0.528
5dcef824f2fd5224744a86e4c7dd250d,"Crunchips Cheese & Onion Crisps, 150 g",dcc2ec0c38ed411a5d9295751328a464,"Pringles Sour Cream & Onion Chips, 165 g",90,0.104,5.897
7aef490acb1ca55f113afe02977b9e8f,"Tony’s Chocolonely Dark Milk Brownie Chocolate, 180 g",9457e16e60a76e40ad486d39b0c4a8b1,"Frigeo Crispy Puffed Rice, 80 g",90,0.104,1.190
0aec6d843c7bd4fd176e7f6376dfb0c8,"Funny-Frisch Riffels Natural, 150 g",2f605027e796b8c1d897c6100903c6d7,"Fuego salsa dip, mild, 200 ml",85,0.098,0.791
07416ecd652da9d161c5113764ce6f90,"Takis Fuego, 100 g",971c3d87aff5615604a3d1ef052d8cd9,"Chio Dip Hot Cheese, 200 ml",84,0.097,4.109
0e706671fbc1c66c6276653846b1c1ac,"Ferrero Kinder Country Chocolate Bar, (9x23,5 g), 211,5 g",7576ff6ee76ca4dfc28bf4fbaaf08465,"Ferrero Kinder Riegel Chocolate Bar, (10x21 g), 210 g",81,0.094,2.880
7aef490acb1ca55f113afe02977b9e8f,"Tony’s Chocolonely Dark Milk Brownie Chocolate, 180 g",c8985169d2c82050e3f8ef7f73451c8d,"Storck Riesen Chocolate Toffees, 231 g",81,0.094,1.483
2f605027e796b8c1d897c6100903c6d7,"Fuego salsa dip, mild, 200 ml",9b6c1ac419e38739c6276dcdb788bdcf,"Funny-Frisch Kettle Chips Salt & Vinegar, 120 g",81,0.094,0.701
7581487f9a0d33775d570f020b0e4141,"Yogurette Strawberry Yogurt Chocolate, 100 g",b9c5d856f0380ca92e558a81c1a0c686,"Ritter Sport Honey-Salt-Almond Chocolate, 100 g",80,0.093,3.676
7aef490acb1ca55f113afe02977b9e8f,"Tony’s Chocolonely Dark Milk Brownie Chocolate, 180 g",b920b20ae65b43819f8696b2a6efcb21,"Ferrero Nutella Nut Nougat Cream, 750 g",75,0.087,0.807
a5e0be3a6e03f5ca59260103e58835d2,"Lay's Salt & Vinegar Crisps, 150 g",dcc2ec0c38ed411a5d9295751328a464,"Pringles Sour Cream & Onion Chips, 165 g",70,0.081,2.913
64f36aa14d1921b5f20921a6fb8b8bc0,"Chio Tortillas Original Salted, 110 g",971c3d87aff5615604a3d1ef052d8cd9,"Chio Dip Hot Cheese, 200 ml",70,0.081,2.760
1b2aa51424dae1f208c314d58ae8e180,"Milka Schokolade Cookie Sensations Oreo Creme, 156 g",de2d83ff88ef56053a06b1e8686c5577,"Alnavit Chocolate Cookies, 125 g",68,0.079,7.828
0057c74ea984d23e711ccc0c0d224e5a,"Doritos Cheese Nachos, 110 g",514473c47399dfac41b754ddf7fd5d94,"Funny-Frisch Lentil Crisps Paprika Style, 90 g",66,0.076,2.227
0e706671fbc1c66c6276653846b1c1ac,"Ferrero Kinder Country Chocolate Bar, (9x23,5 g), 211,5 g",7581487f9a0d33775d570f020b0e4141,"Yogurette Strawberry Yogurt Chocolate, 100 g",65,0.075,1.509
7aef490acb1ca55f113afe02977b9e8f,"Tony’s Chocolonely Dark Milk Brownie Chocolate, 180 g",8848e81faf793f35004c01e760863f14,"Giotto Hazelnut Pastry, (4 bars), 154 g",65,0.075,0.870
2b8d65b915a044b3570fd7f8a3a7d065,"Pom-Bär Original, 75 g",971c3d87aff5615604a3d1ef052d8cd9,"Chio Dip Hot Cheese, 200 ml",64,0.074,3.280
13fe423f6a47156a00beee842eafc061,"Lorenz Naturals Rosemary Crisps, 95 g",9b6c1ac419e38739c6276dcdb788bdcf,"Funny-Frisch Kettle Chips Salt & Vinegar, 120 g",64,0.074,2.416
64f36aa14d1921b5f20921a6fb8b8bc0,"Chio Tortillas Original Salted, 110 g",898f47cb5c754158245b1b236d3df7e6,"Fuego guacamole dip, 200 ml",61,0.071,3.437
1d3842663f6e6e8ab20a245bc43b72a0,"Knoppers Crispy Wafer, (8x25 g), 200 g",7581487f9a0d33775d570f020b0e4141,"Yogurette Strawberry Yogurt Chocolate, 100 g",61,0.071,2.744
03b69ef76960b93651906fa51bb5d44c,"Cadbury Milk Caramel Chocolate, 180 g",92d78ca20860dd50a1748fe2b0c8dc78,"Storck Mini Dickmann’s Chocolate Trio, (24 units), 200 g",60,0.069,6.931
a5e0be3a6e03f5ca59260103e58835d2,"Lay's Salt & Vinegar Crisps, 150 g",ec3986f69034113171d2dd2bac845401,"Fuego salsa dip, hot, 200 ml",59,0.068,2.657
dcc2ec0c38ed411a5d9295751328a464,"Pringles Sour Cream & Onion Chips, 165 g",ec3986f69034113171d2dd2bac845401,"Fuego salsa dip, hot, 200 ml",58,0.067,4.115
971c3d87aff5615604a3d1ef052d8cd9,"Chio Dip Hot Cheese, 200 ml",dcc2ec0c38ed411a5d9295751328a464,"Pringles Sour Cream & Onion Chips, 165 g",57,0.066,2.451
de2d83ff88ef56053a06b1e8686c5577,"Alnavit Chocolate Cookies, 125 g",edb0f4aa63864fc9a85372d15cb65440,Ja! Cookies American Style Chocolate Chip 225 g,56,0.065,3.779
898f47cb5c754158245b1b236d3df7e6,"Fuego guacamole dip, 200 ml",a5e0be3a6e03f5ca59260103e58835d2,"Lay's Salt & Vinegar Crisps, 150 g",54,0.062,2.106
0e706671fbc1c66c6276653846b1c1ac,"Ferrero Kinder Country Chocolate Bar, (9x23,5 g), 211,5 g",564b722b1d92225859390ea030ddd983,"Ferrero Kinder Bueno White Chocolate Bar, (6x19,5 g), 117 g",53,0.061,1.904
514473c47399dfac41b754ddf7fd5d94,"Funny-Frisch Lentil Crisps Paprika Style, 90 g",d3dffe73c943311024ef5b4b71e3f598,"Lay's Crips herb butter flavour, 150 g",53,0.061,1.843
0057c74ea984d23e711ccc0c0d224e5a,"Doritos Cheese Nachos, 110 g",13fe423f6a47156a00beee842eafc061,"Lorenz Naturals Rosemary Crisps, 95 g",53,0.061,1.782
2b8d65b915a044b3570fd7f8a3a7d065,"Pom-Bär Original, 75 g",898f47cb5c754158245b1b236d3df7e6,"Fuego guacamole dip, 200 ml",52,0.060,3.810
61d7a42ecec8482529b308f32ff598b1,"Hanuta Hazelnut Slice, (10x22 g), 220 g",7581487f9a0d33775d570f020b0e4141,"Yogurette Strawberry Yogurt Chocolate, 100 g",52,0.060,2.351
898f47cb5c754158245b1b236d3df7e6,"Fuego guacamole dip, 200 ml",dcc2ec0c38ed411a5d9295751328a464,"Pringles Sour Cream & Onion Chips, 165 g",50,0.058,3.073
92d78ca20860dd50a1748fe2b0c8dc78,"Storck Mini Dickmann’s Chocolate Trio, (24 units), 200 g",b9ed451639de565e319543836d6bb64c,"Storck Super Dickmann’s Chocolate Kisses, (9x30 g), 270 g",49,0.057,13.852
7aef490acb1ca55f113afe02977b9e8f,"Tony’s Chocolonely Dark Milk Brownie Chocolate, 180 g",97cf2b65eb7bffb35913eaa9234cef6e,"Storck Dickmann’s Schoko Strolche Chocolate Kisses, (10 units), 83 g",49,0.057,2.168
07416ecd652da9d161c5113764ce6f90,"Takis Fuego, 100 g",ec3986f69034113171d2dd2bac845401,"Fuego salsa dip, hot, 200 ml",47,0.054,3.794
898f47cb5c754158245b1b236d3df7e6,"Fuego guacamole dip, 200 ml",ec3986f69034113171d2dd2bac845401,"Fuego salsa dip, hot, 200 ml",47,0.054,3.125
782c2fdec7b604daefea9bf7b783a7bb,Crunchips Western Style Potato Chips 150 g,898f47cb5c754158245b1b236d3df7e6,"Fuego guacamole dip, 200 ml",47,0.054,2.731
7581487f9a0d33775d570f020b0e4141,"Yogurette Strawberry Yogurt Chocolate, 100 g",92d78ca20860dd50a1748fe2b0c8dc78,"Storck Mini Dickmann’s Chocolate Trio, (24 units), 200 g",47,0.054,2.423
564b722b1d92225859390ea030ddd983,"Ferrero Kinder Bueno White Chocolate Bar, (6x19,5 g), 117 g",7576ff6ee76ca4dfc28bf4fbaaf08465,"Ferrero Kinder Riegel Chocolate Bar, (10x21 g), 210 g",46,0.053,2.542
07416ecd652da9d161c5113764ce6f90,"Takis Fuego, 100 g",a5e0be3a6e03f5ca59260103e58835d2,"Lay's Salt & Vinegar Crisps, 150 g",46,0.053,2.178
2b8d65b915a044b3570fd7f8a3a7d065,"Pom-Bär Original, 75 g",ec3986f69034113171d2dd2bac845401,"Fuego salsa dip, hot, 200 ml",44,0.051,3.722
